maxint,meanint,maxf1,meanf1,maxf2,meanf2,maxf0,jitter,shimmer,hnr,dx
83.92397947246903,71.58176513296846,2226.932390124277,773.8668829603519,3967.1723324349045,1801.6519252692144,514.7375007965146,0.007614604037793163,0.11760763530119418,10.440155185724441,0
